geo\time,2006,,2007,,2008,,2009,,2010,,2011,,2012,,2013,,2014,,2015,,2016,,2017,
Rég. Bruxelles / Brussels Gewest,170,,171,,180,,176,,182,,196,,274,,288,,292,,274,,282,,306,
Prov. Antwerpen,326,,331,,364,,369,,386,,367,,530,,552,,579,,704,,773,,889,
Prov. Limburg (BE),401,,417,,421,,438,,440,,435,,506,,524,,517,,698,,734,,761,
Prov. Oost-Vlaanderen,224,,251,,297,,306,,323,,320,,506,,536,,572,,766,,840,,948,
Prov. Vlaams-Brabant,167,,168,,187,,185,,196,,194,,291,,306,,334,,387,,412,,461,
Prov. West-Vlaanderen,794,,825,,834,,839,,848,,832,,1144,,1198,,1278,,1860,,1939,,2014,
Prov. Brabant Wallon,34,,32,,32,,32,,31,,30,,62,,62,,67,,102,,100,,103,
Prov. Hainaut,127,,121,,123,,120,,118,,121,,188,,181,,176,,341,,353,,366,
Prov. Liège,449,,442,,437,,424,,402,,397,,523,,514,,507,,997,,996,,990,
Prov. Luxembourg (BE),441,,432,,428,,410,,396,,393,,527,,513,,496,,1154,,1111,,1073,
Prov. Namur,251,,236,,233,,229,,224,,221,,337,,331,,321,,707,,670,,659,
Severozapaden,117,,128,,137,,148,,149,,156,,192,,205,,206,,197,,200,,192,
Severen tsentralen,129,,157,,170,,203,,206,,188,,244,,250,,263,,264,,257,,253,
Severoiztochen,520,,511,,505,,492,,483,,486,,528,,575,,596,,623,,663,,709,
Yugoiztochen,540,,556,,598,,605,,598,,665,,745,,819,,909,,924,,954,,953,
Yugozapaden,249,,322,,333,,394,,401,,392,,525,,548,,605,,607,,634,,606,
Yuzhen tsentralen,289,,344,,385,,408,,435,,434,,524,,556,,584,,587,,623,,633,
Praha,619,,654,,656,,653,,630,,622,,845,(b),856,,757,,797,,795,,787,
Strední Cechy,548,,566,,544,,529,,529,,577,,814,(b),805,,668,,669,,682,,667,
Jihozápad,1428,,1539,,1485,,1462,,1423,,1452,,1887,(b),1875,,1725,,1726,,1714,,1643,
Severozápad,813,,821,,808,,777,,714,,778,,1023,(b),1001,,885,,939,,946,,947,
Severovýchod,2179,,2225,,2169,,2152,,2025,,2087,,2507,(b),2466,,2235,,2288,,2290,,2250,
Jihovýchod,853,,860,,866,,861,,836,,931,,1385,(b),1377,,1268,,1258,,1243,,1237,
Strední Morava,711,,711,,709,,676,,673,,746,,968,(b),972,,906,,910,,926,,898,
Moravskoslezsko,465,,469,,468,,447,,405,,464,,628,(b),618,,569,,576,,572,,578,
Hovedstaden,217,,218,,222,,223,,226,,240,,242,,240,,243,,242,,249,,259,
Sjælland,151,,148,,141,,140,,142,,147,,145,,144,,144,,143,,146,,150,
Syddanmark,305,,305,,301,,298,,296,,308,,305,,305,,305,,306,,312,,315,
Midtjylland,212,,211,,210,,211,,218,,235,,230,,228,,233,,230,,236,,245,
Nordjylland,191,,193,,184,,184,,184,,189,,187,,185,,193,,192,,193,,198,
Stuttgart,1430,,1517,,1529,,1493,,1495,,1509,,1566,,1571,,1561,,1554,,1556,,1576,
Karlsruhe,1517,,1564,,1564,,1533,,1491,,1462,,1479,,1449,,1410,,1399,,1379,,1349,
Freiburg,2638,,2644,,2605,,2552,,2534,,2542,,2604,,2559,,2527,,2501,,2525,,2498,
Tübingen,1190,,1204,,1193,,1184,,1270,,1258,,1248,,1244,,1226,,1215,,1201,,1184,
Oberbayern,4705,,4587,,4551,,4435,,4376,,4285,,4120,,4056,,4064,,4021,,4050,,4013,
Niederbayern,2350,,2268,,2239,,2176,,2151,,2101,,2010,,1951,,1874,,1866,,1814,,1756,
Oberpfalz,1105,,1086,,1065,,1034,,1017,,1007,,968,,956,,925,,926,,908,,888,
Oberfranken,1095,,1051,,1031,,993,,994,,969,,954,,917,,885,,890,,876,,869,
Mittelfranken,1125,,1104,,1093,,1062,,1073,,1060,,1033,,1009,,988,,1004,,986,,961,
Unterfranken,1112,,1064,,1059,,1005,,1015,,983,,958,,935,,897,,933,,905,,907,
Schwaben,2707,,2637,,2620,,2576,,2535,,2462,,2370,,2337,,2281,,2293,,2300,,2343,
Berlin,583,,589,,656,,719,,748,,777,,791,,798,,809,,812,,788,,800,
Brandenburg,1621,,1563,,1570,,1560,,1586,,1650,,1616,,1621,,1600,,1613,,1611,,1608,
Bremen,95,,96,,103,,102,,113,,116,,:,,:,,119,,123,,123,,:,(c)
Hamburg,289,,289,,302,,307,,317,,316,,:,,341,,343,,353,,365,,385,
Darmstadt,1677,,1673,,1674,,1640,,1680,,1706,,1692,,1701,,1691,,1691,,1639,,1642,
Gießen,512,,511,,522,,502,,526,,509,,502,,493,,478,,498,,471,,482,
Kassel,1348,,1315,,1316,,1297,,1288,,1259,,1248,,1223,,1230,,1216,,1208,,1207,
Mecklenburg-Vorpommern,2770,,2791,,2846,,2889,,3016,,3049,,3015,,2987,,2852,,2824,,2767,,2795,
Braunschweig,1030,,979,,983,,1061,,1057,,1026,,1025,,976,,962,,985,,966,,951,
Hannover,799,,768,,863,,883,,935,,922,,939,,901,,873,,870,,863,,851,
Lüneburg,1352,,1311,,1360,,1346,,1332,,1344,,1358,,1306,,1275,,1263,,1236,,1258,
Weser-Ems,2726,,2614,,2697,,2651,,2622,,2552,,2597,,2469,,2404,,2369,,2553,,2554,
Düsseldorf,984,,991,,1057,,1032,,1037,,1078,,1116,,1091,,1085,,1069,,1044,,1025,
Köln,1325,,1302,,1289,,1246,,1266,,1291,,1324,,1324,,1383,,1356,,1318,,1281,
Münster,674,,681,,695,,670,,695,,691,,685,,675,,667,,673,,680,,658,
Detmold,909,,850,,847,,830,,837,,808,,805,,785,,775,,749,,736,,725,
Arnsberg,1385,,1352,,1328,,1277,,1287,,1282,,1269,,1287,,1279,,1260,,1224,,1197,
Koblenz,1718,,1677,,1655,,1612,,1623,,1638,,1537,,1533,,1489,,1471,,1449,,1439,
Trier,1051,,1036,,1014,,998,,1015,,1016,,969,,962,,962,,954,,937,,960,
Rheinhessen-Pfalz,1128,,1118,,1115,,1098,,1126,,1152,,1069,,1066,,1035,,1023,,1024,,1020,
Saarland,289,,280,,281,,264,,256,,269,,261,,268,,253,,237,,250,,:,(c)
Dresden,1033,,1015,,1060,,1057,,1084,,1099,,1075,,1062,,1053,,1044,,1024,,1014,
Chemnitz,850,,809,,802,,799,,798,,795,,767,,759,,748,,733,,718,,713,
Leipzig,308,,296,,307,,308,,312,,315,,308,,316,,318,,323,,317,,326,
Sachsen-Anhalt,1093,,1102,,1126,,1138,,1149,,1134,,1109,,1100,,1085,,1120,,1100,,1124,
Schleswig-Holstein,4791,,4617,,4518,,4485,,4507,,4378,,4246,,4190,,4229,,4057,,3946,,4013,
Thüringen,1445,,1403,,1394,,1365,,1369,,1354,,1321,,1316,,1290,,1284,,1295,,1287,
Eesti,951,,984,,1048,,1091,,1141,,1158,,1238,,1320,,1419,,1417,,1454,,1500,
"Border, Midland and Western (NUTS 2013)",2832,,2537,,2684,,2017,,1877,,1689,,2288,(b),1995,,1872,,1124,,1124,,:,
Southern and Eastern (NUTS 2013),6269,,6440,,6746,,6457,,6040,,5424,,5810,(b),5474,,4702,,2021,,2021,,:,
"Anatoliki Makedonia, Thraki",365,,385,,392,,1117,(e),1128,(e),1132,(e),1122,(e),1121,,1141,(e),1141,(e),1142,(e),1433,(e)
Kentriki Makedonia,1211,,1238,,1249,,5096,(e),5215,(e),4795,(e),4762,(e),4764,,4843,(e),4870,(e),4848,(e),4935,(e)
Dytiki Makedonia,:,,:,,:,,276,(e),269,(e),248,(e),241,(e),238,,248,(e),249,(e),243,(e),224,(e)
Ipeiros,291,,310,,338,,1423,(e),1541,(e),1597,(e),1599,(e),1611,,1678,(e),1734,(e),1786,(e),1667,(e)
Thessalia,572,,586,,601,,2514,(e),2441,(e),2280,(e),2253,(e),2253,,2272,(e),2269,(e),2272,(e),2291,(e)
Ionia Nisia,918,,924,,927,,3841,(e),3821,(e),3793,(e),3773,(e),3780,,3779,(e),3813,(e),3825,(e),4680,(e)
Dytiki Ellada,274,,275,,284,,508,(e),544,(e),526,(e),501,(e),506,,533,(e),534,(e),536,(e),512,(e)
Sterea Ellada,524,,528,,540,,1751,(e),1803,(e),1761,(e),1754,(e),1760,,1803,(e),1791,(e),1777,(e),1754,(e)
Peloponnisos,595,,619,,641,,1731,(e),1803,(e),1690,(e),1695,(e),1725,,1781,(e),1785,(e),1800,(e),1872,(e)
Attiki,699,,695,,704,,1387,(e),1380,(e),1372,(e),1316,(e),1310,,1369,(e),1347,(e),1337,(e),1354,(e)
Voreio Aigaio,394,,391,,:,,1523,(e),1474,(e),1397,(e),1368,(e),1368,,1375,(e),1377,(e),1372,(e),1401,(e)
Notio Aigaio,1962,,1948,,1971,,9048,(e),9108,(e),8999,(e),8955,(e),8993,,9046,(e),9112,(e),9056,(e),8845,(e)
Kriti,1537,,1525,,1538,,4507,(e),4635,(e),4253,(e),4201,(e),4228,,4654,(e),4659,(e),4671,(e),4751,(e)
Galicia,2520,,2486,,2586,,2679,,2663,,2837,,2879,,2949,,2961,,2942,,3033,,3031,
Principado de Asturias,2127,,2238,,2377,,2456,,2434,,2523,,2668,,2688,,2754,,2738,,2732,,2938,
Cantabria,1122,,1142,,1171,,1190,,1180,,1227,,1248,,1259,,1281,,1301,,1326,,1395,
País Vasco,741,,812,,825,,852,,1025,,1064,,1067,,1064,,1119,,1153,,1182,,1181,
Comunidad Foral de Navarra,904,,922,,996,,1050,,1090,,1346,,1379,,1407,,1421,,1420,,1397,,1639,
La Rioja,243,,277,,291,,309,,329,,350,,369,,388,,408,,418,,427,,438,
Aragón,1863,,2122,,2254,,2371,,2539,,2663,,2806,,2865,,2978,,3027,,3046,,3109,
Comunidad de Madrid,1491,,1528,,1568,,1625,,1652,,1697,,1734,,1747,,1756,,1789,,1781,,1794,
Castilla y León,4088,,4292,,4621,,4920,,5325,,5667,,5969,,6267,,6386,,6460,,6589,,6618,
Castilla-la Mancha,1954,,2091,,2275,,2531,,2697,,2987,,3187,,3216,,3338,,3401,,3459,,3563,
Extremadura,852,,872,,970,,1026,,1027,,1178,,1260,,1277,,1313,,1357,,1355,,1336,
Cataluña,4964,,5159,,5293,,5591,,5581,,5982,,6006,,6267,,6451,,6599,,6547,,6677,
Comunidad Valenciana,2670,,2799,,2889,,2991,,3081,,3157,,3293,,3254,,3439,,3422,,3507,,3675,
Illes Balears,2542,,2531,,2511,,2553,,2570,,2680,,2663,,2646,,2659,,2695,,2708,,2739,
Andalucía,4715,,4922,,5126,,5218,,5367,,5663,,5888,,6137,,6384,,6609,,6723,,7492,
Región de Murcia,605,,626,,634,,653,,656,,654,,693,,470,,478,,496,,504,,518,
Ciudad Autónoma de Ceuta (ES),:,,:,,:,,:,,15,,15,,15,,14,,14,,14,,13,,13,
Ciudad Autónoma de Melilla (ES),:,,:,,:,,:,,11,,11,,11,,11,,12,,12,,12,,12,
Canarias (ES),2771,,2679,,2591,,2714,,2711,,2696,,2591,,2562,,2537,,2475,,2360,,2350,
Île de France,2565,,2575,,2614,,2640,,2632,,2633,,2633,,2632,,2674,,2668,,2732,,2753,
Champagne-Ardenne (NUTS 2013),411,,409,,400,,406,,401,,404,,404,,409,,437,,446,,450,,:,
Picardie (NUTS 2013),444,,438,,453,,447,,439,,429,,429,,393,,440,,429,,444,,:,
Haute-Normandie (NUTS 2013),419,,421,,426,,419,,413,,410,,410,,399,,399,,424,,422,,:,
Centre (FR) (NUTS 2013),1009,,997,,1003,,989,,952,,948,,948,,938,,932,,947,,1002,,:,
Basse-Normandie (NUTS 2013),823,,814,,798,,790,,786,,777,,777,,760,,782,,827,,819,,:,
Bourgogne (NUTS 2013),841,,846,,835,,825,,805,,799,,799,,780,,789,,811,,839,,:,
Nord - Pas-de-Calais (NUTS 2013),806,,804,,798,,800,,768,,767,,767,,657,,697,,720,,735,,:,
Lorraine (NUTS 2013),642,,644,,639,,637,,626,,620,,620,,584,,602,,638,,631,,:,
Alsace (NUTS 2013),705,,704,,700,,694,,699,,698,,698,,692,,711,,740,,747,,:,
Franche-Comté (NUTS 2013),487,,491,,478,,486,,478,,473,,473,,461,,463,,492,,496,,:,
Pays de la Loire (NUTS 2013),1416,,1422,,1426,,1446,,1454,,1468,,1467,,1466,,1502,,1575,,1560,,:,
Bretagne (NUTS 2013),1811,,1791,,1785,,1825,,1806,,1801,,1801,,1789,,1835,,1914,,1882,,:,
Poitou-Charentes (NUTS 2013),1055,,1031,,1022,,1024,,971,,988,,988,,1000,,1008,,1043,,1046,,:,
Aquitaine (NUTS 2013),2058,,2051,,2044,,2058,,2095,,2080,,2080,,2070,,2124,,2244,,2233,,:,
Midi-Pyrénées (NUTS 2013),1977,,1961,,1944,,1993,,2006,,1997,,1997,,1981,,2046,,2102,,2070,,:,
Limousin (NUTS 2013),464,,465,,461,,478,,463,,456,,456,,452,,466,,495,,484,,:,
Rhône-Alpes (NUTS 2013),3648,,3604,,3597,,3672,,3653,,3638,,3636,,3631,,3695,,3912,,3895,,:,
Auvergne (NUTS 2013),1124,,1098,,1074,,1057,,1006,,1002,,1002,,987,,994,,1075,,1057,,:,
Languedoc-Roussillon (NUTS 2013),1992,,1953,,1947,,1964,,1978,,1960,,1960,,1971,,2003,,2086,,2064,,:,
Provence-Alpes-Côte d'Azur (NUTS 2013),3383,,3356,,3326,,3309,,3292,,3308,,3306,,3352,,3355,,3449,,3433,,:,
Corse (NUTS 2013),623,,617,,631,,622,,621,,623,,623,,635,,726,,774,,775,,:,
Guadeloupe (NUTS 2013),:,,:,,:,,:,,:,,:,,:,,:,,48,,56,,53,,:,
Martinique (NUTS 2013),110,,103,,100,,97,,84,(u),78,(u),78,,78,,76,,70,,58,,:,
Guyane (NUTS 2013),29,,27,,28,,27,,24,(u),25,(u),25,,26,,28,,29,,32,,:,
La Réunion (NUTS 2013),69,,63,,58,,62,,57,(u),55,(u),55,,55,,63,,79,,79,,:,
Mayotte (NUTS 2013),:,,:,,:,,:,,:,,:,,:,,:,,0,,0,,9,,:,
Jadranska Hrvatska,1355,,1487,,1640,,1733,,1742,,1822,,56726,,60792,,66303,,71690,,81088,,94653,
Kontinentalna Hrvatska,288,,324,,345,,355,,375,,367,,1082,,1234,,1421,,1749,,2145,,3688,
Piemonte,4318,,4662,,4805,,4960,,5131,,5292,,5536,,5739,,5956,,6303,,6480,,6704,
Valle d'Aosta/Vallée d'Aoste,969,,991,,977,,982,,1017,,1031,,1058,,1086,,1116,,1148,,1192,,1223,
Liguria,3470,,3733,,4024,,3995,,4141,,4144,,4184,,4182,,4271,,4353,,4485,,4938,
Lombardia,5079,,5317,,5670,,6065,,6376,,6618,,7039,,7346,,7865,,8532,,10126,,12225,
Provincia Autonoma di Bolzano/Bozen,10264,,10304,,10305,,10235,,10227,,10266,,10196,,9675,,9946,,10043,,10107,,10216,
Provincia Autonoma di Trento,2662,,2696,,2720,,2811,,2848,,2843,,2928,,2967,,2989,,3085,,3133,,3267,
Veneto,51877,,44651,,47741,,50463,,53483,,55892,,56631,,55366,,52766,,53428,,56287,,62945,
Friuli-Venezia Giulia,9580,,9812,,9573,,9675,,8627,,4781,,5089,,5440,,5975,,6306,,6698,,7175,
Emilia-Romagna,8309,,8110,,8397,,8579,,8214,,8413,,8554,,9190,,8897,,9278,,10283,,15639,
Toscana,10368,,10796,,11369,,11410,,11643,,12051,,12415,,12653,,12867,,13217,,13685,,14011,
Umbria,3179,,3356,,3553,,3684,,3790,,3849,,3878,,3900,,3926,,4002,,4025,,3998,
Marche,2790,,2900,,3094,,2832,,3587,,3744,,3954,,4187,,4352,,4549,,4806,,4652,
Lazio,6181,,6557,,7810,,7956,,8102,,8506,,8506,(e),9226,,9263,,14469,,16631,,18596,
Abruzzo,1666,,1836,,2035,,2160,,2273,,2373,,2380,,2384,,2529,,2733,,2713,,2838,
Molise,247,,284,,317,,339,,401,,424,,437,,454,,461,,472,,484,,508,
Campania,3266,,3468,,3863,,4347,,4420,,6665,,7108,,5140,,5735,,5677,,5796,,12804,
Puglia,2696,,2872,,3612,,3907,,4106,,4689,,4807,,5025,,5296,,5702,,6304,,6883,
Basilicata,543,,585,,610,,623,,650,,667,,705,,749,,808,,957,,1175,,1326,
Calabria,1530,,1644,,2178,,2370,,2597,,2597,,2740,,2888,,2931,,2931,,3117,,3361,
Sicilia,3452,,3754,,4134,,4329,,4768,,4849,,4979,,5669,,5931,,5875,,6135,,6750,
Sardegna,2267,,2721,,3476,,3636,,3914,,4029,,4104,,4255,,4532,,4637,,4787,,4844,
Kypros,894,,902,,869,,855,,839,,824,,802,,795,,802,,788,,785,,796,
Latvija,393,,400,,491,,559,,628,,641,,632,,628,,644,,677,,759,,1131,
Sostines regionas,:,,:,,:,,:,,:,,:,,:,,:,,:,,476,,:,,745,
Vidurio ir vakaru Lietuvos regionas,:,,:,,:,,:,,:,,:,,:,,:,,:,,1843,,:,,2226,
Lietuva (NUTS 2013),515,,529,,542,,556,,553,,538,,1637,(b),1837,,2062,,2319,,2686,,:,
Luxembourg,519,,508,,503,,485,,500,,492,,480,,457,,434,,431,,432,,425,
Budapest,:,,:,,:,,:,,:,,:,,:,,:,,:,,342,,:,,:,
Pest,:,,:,,:,,:,,:,,:,,:,,:,,:,,229,,:,,:,
Közép-Magyarország (NUTS 2013),321,,335,,328,,382,,383,,382,,474,(b),492,,539,,571,,591,,601,
Közép-Dunántúl,476,,413,,393,,421,,437,,411,,661,,603,,609,,610,,625,,651,
Nyugat-Dunántúl,531,,537,,532,,544,,547,,546,,662,,641,,659,,703,,700,,699,
Dél-Dunántúl,567,,517,,513,,489,,477,,420,,718,,716,,768,,781,,779,,774,
Észak-Magyarország,497,,471,,477,,477,,447,,444,,648,,623,,631,,676,,704,,701,
Észak-Alföld,373,,396,,383,,383,,383,,380,,491,,503,,513,,544,,542,,544,
Dél-Alföld,291,,287,,298,,297,,280,,309,,417,,422,,457,,471,,496,,487,
Malta,179,,166,,162,,165,,160,,157,,158,,170,,166,,178,,184,,203,
Groningen,216,,224,,222,,223,,213,,218,,217,,284,(b),289,,291,,266,,266,
Friesland (NL),697,,706,,704,,699,,682,,672,,659,,887,(b),893,,875,,859,,854,
Drenthe,532,,526,,509,,495,,485,,491,,486,,693,(b),704,,693,,650,,640,
Overijssel,673,,673,,653,,630,,622,,631,,608,,799,(b),827,,814,,800,,784,
Gelderland,1007,,1026,,1012,,1022,,1001,,991,,962,,1311,(b),1324,,1324,,1289,,1278,
Flevoland,87,,84,,84,,86,,85,,85,,88,,102,(b),106,,99,,100,,102,
Utrecht,200,,207,,203,,199,,190,,201,,195,,268,(b),267,,262,,266,,263,
Noord-Holland,1034,,1051,,1031,,1025,,1027,,1012,,1007,,1321,(b),1309,,1293,,1326,,1340,
Zuid-Holland,545,,574,,545,,557,,543,,542,,546,,652,(b),648,,623,,621,,634,
Zeeland,634,,642,,637,,632,,626,,629,,626,,889,(b),914,,910,,875,,882,
Noord-Brabant,767,,782,,754,,749,,746,,762,,742,,993,(b),996,,1005,,996,,1001,
Limburg (NL),762,,773,,742,,734,,734,,733,,715,,927,(b),937,,912,,902,,912,
Burgenland (AT),446,,441,,445,,453,,452,,439,,443,,441,,438,,436,,427,,427,
Niederösterreich,1484,,1464,,1461,,1464,,1439,,1154,,1470,,1487,,1476,,1459,,1429,,1434,
Wien,396,,395,,410,,421,,417,,441,,518,,529,,551,,604,,1072,,1212,
Kärnten,3030,,3013,,2956,,2874,,2903,,2867,,2878,,2832,,2835,,2765,,2695,,2717,
Steiermark,2342,,2331,,2308,,2370,,2372,,2344,,2374,,2393,,2398,,2432,,2471,,2471,
Oberösterreich,1604,,1645,,1586,,1600,,1573,,1559,,1554,,1534,,1495,,1521,,1507,,1500,
Salzburg,3300,,3314,,3293,,3303,,3299,,3265,,3255,,3295,,3374,,3400,,3406,,3419,
Tirol,6582,,6801,,6667,,6557,,6530,,6595,,6539,,6491,,6442,,6387,,6293,,6358,
Vorarlberg,1273,,1326,,1312,,1344,,1354,,1345,,1335,,1332,,1320,,1311,,1319,,1347,
Lódzkie (NUTS 2013),229,,219,,216,,241,,289,,296,,373,,357,,362,,352,,357,,:,
Mazowieckie (NUTS 2013),331,,320,,325,,376,,405,,391,,466,,483,,476,,486,,528,,:,
Malopolskie,819,,843,,872,,894,,875,,880,,1400,,1397,,1418,,1448,,1489,,1532,
Slaskie,426,,394,,423,,473,,511,,508,,617,,621,,636,,633,,646,,645,
Lubelskie (NUTS 2013),314,,307,,298,,285,,322,,273,,336,,343,,363,,369,,422,,:,
Podkarpackie (NUTS 2013),335,,336,,355,,369,,379,,353,,452,,498,,513,,527,,582,,:,
Swietokrzyskie (NUTS 2013),111,,129,,123,,143,,162,,166,,206,,215,,231,,246,,252,,:,
Podlaskie (NUTS 2013),176,,169,,166,,168,,182,,165,,243,,254,,248,,269,,263,,:,
Wielkopolskie,516,,508,,540,,547,,625,,613,,703,,710,,711,,701,,694,,687,
Zachodniopomorskie,850,,848,,840,,839,,816,,845,,1219,,1293,,1322,,1299,,1344,,1449,
Lubuskie,300,,319,,335,,306,,298,,280,,307,,302,,283,,288,,299,,290,
Dolnoslaskie,694,,720,,736,,723,,726,,692,,946,,909,,903,,867,,950,,951,
Opolskie,114,,121,,116,,110,,111,,116,,120,,136,,142,,168,,177,,168,
Kujawsko-Pomorskie,317,,307,,306,,296,,316,,299,,333,,331,,331,,367,,392,,406,
Warminsko-Mazurskie,365,,371,,384,,390,,387,,386,,487,,489,,496,,492,,512,,499,
Pomorskie,797,,807,,822,,832,,802,,776,,1275,,1437,,1450,,1512,,1602,,1629,
Lódzkie,:,,:,,:,,:,,:,,:,,:,,:,,:,,:,,:,,337,
Swietokrzyskie,:,,:,,:,,:,,:,,:,,:,,:,,:,,:,,:,,248,
Lubelskie,:,,:,,:,,:,,:,,:,,:,,:,,:,,:,,:,,445,
Podkarpackie,:,,:,,:,,:,,:,,:,,:,,:,,:,,:,,:,,582,
Podlaskie,:,,:,,:,,:,,:,,:,,:,,:,,:,,:,,:,,259,
Warszawski stoleczny,:,,:,,:,,:,,:,,:,,:,,:,,:,,:,,:,,321,
Mazowiecki regionalny,:,,:,,:,,:,,:,,:,,:,,:,,:,,:,,:,,233,
Norte,519,,533,,538,,521,,514,,531,,537,,836,,851,,912,,1077,,1297,
Algarve,454,,443,,445,,422,,438,,446,,457,,557,,561,,554,,625,,745,
Centro (PT),535,,542,,540,,531,,532,,536,,535,,706,,730,,736,,924,,1145,
Área Metropolitana de Lisboa,345,,346,,346,,341,,350,,351,,358,,453,,456,,491,,651,,836,
Alentejo,174,,188,,188,,190,,195,,196,,197,,378,,390,,421,,489,,605,
Região Autónoma dos Açores (PT),94,,92,,94,,91,,92,,90,,95,,118,,130,,129,,140,,153,
Região Autónoma da Madeira (PT),203,,195,,200,,203,,197,,196,,170,,309,,311,,242,,265,,319,
Nord-Vest,543,,554,,585,,645,,658,,649,,645,,659,,638,,742,,800,,934,
Centru,1223,,1209,,1268,,1207,,1188,,1197,,1403,,1773,,1902,,2305,,2282,,2471,
Nord-Est,435,,459,,463,,548,,554,,604,,659,,687,,709,,806,,816,,860,
Sud-Est,1278,,1247,,1258,,1311,,1385,,974,,735,,1093,,1103,,1135,,1151,,1252,
Sud - Muntenia,433,,426,,449,,457,,472,,534,,555,,656,,674,,742,,727,,813,
Bucuresti - Ilfov,139,,151,,164,,154,,163,,155,,156,,173,,173,,182,,185,,209,
Sud-Vest Oltenia,250,,259,,255,,283,,305,,377,,386,,396,,417,,408,,427,,487,
Vest,409,,389,,442,,474,,497,,513,,574,,590,,575,,629,,640,,736,
Vzhodna Slovenija,264,,319,,467,,471,,464,,463,,883,(u),885,(u),914,(u),932,(u),950,(u),1030,(u)
Zahodna Slovenija,443,,500,,521,,529,,531,,534,,1717,(u),1893,(u),1986,(u),2072,(u),2310,(u),2669,(u)
Bratislavský kraj,155,,181,,186,,188,,187,,193,,225,,220,,211,,:,(c),:,(c),220,
Západné Slovensko,489,,665,,674,,687,,659,,648,,751,,726,,698,,757,,735,,774,
Stredné Slovensko,828,,1093,,1131,,1060,,1006,,976,,1115,,1064,,1020,,1120,,1050,,1048,
Východné Slovensko,571,,736,,776,,748,,739,,722,,816,,793,,758,,802,,746,,730,
Länsi-Suomi,303,,301,,295,,288,,282,,277,,299,,304,,297,,287,,281,,280,
Helsinki-Uusimaa,148,,145,,152,,150,,151,,153,,159,,159,,152,,154,,158,,178,
Etelä-Suomi,230,,226,,224,,218,,211,,217,,240,,243,,248,,249,,238,,231,
Pohjois- ja Itä-Suomi,625,,611,,603,,590,,590,,587,,654,,663,,638,,627,,618,,621,
Åland,75,,75,,75,,75,,75,,75,,75,,74,,73,,75,,73,,73,
Stockholm,375,,377,,380,,386,,397,,407,,411,,410,,415,,422,,428,,439,
Östra Mellansverige,538,,532,,533,,549,,550,,568,,580,,592,,583,,566,,555,,573,
Småland med öarna,550,,547,,549,,559,,561,,563,,559,,581,,575,,568,,582,,579,
Sydsverige,499,,486,,491,,492,,489,,493,,487,,508,,513,,506,,503,,493,
Västsverige,617,,618,,637,,663,,660,,671,,670,,709,,699,,683,,685,,684,
Norra Mellansverige,608,,609,,614,,609,,611,,620,,612,,612,,637,,614,,603,,610,
Mellersta Norrland,409,,401,,414,,414,,414,,404,,413,,427,,419,,406,,402,,404,
Övre Norrland,412,,406,,414,,425,,422,,417,,410,,422,,428,,419,,429,,440,
Tees Valley and Durham,751,,714,,714,,669,,669,,669,,676,,683,,673,,683,,658,,:,
Northumberland and Tyne and Wear,1792,,1829,,1829,,1822,,1822,,1822,,1834,,1870,,1842,,1869,,1812,,:,
Cumbria,4472,,5456,,5155,,5378,,5378,,5378,,5383,,5390,,5321,,5392,,5286,,:,
Greater Manchester,553,,490,,403,,394,,394,,394,,514,,560,,550,,559,,533,,:,
Lancashire,2049,,3077,,3085,,3108,,3108,,3108,,2997,,3031,,2982,,3029,,2890,,:,
Cheshire,713,,749,,782,,726,,726,,726,,709,,744,,732,,743,,719,,:,
Merseyside,432,,364,,381,,486,,486,,486,,476,,504,,496,,504,,475,,:,
East Yorkshire and Northern Lincolnshire,862,,862,,756,,710,,710,,710,,751,,738,,727,,738,,704,,:,
North Yorkshire,4660,,4660,,3279,,4405,,4405,,4405,,4399,,4356,,4294,,4355,,4175,,:,
South Yorkshire,301,,301,,257,,370,,370,,370,,370,,386,,383,,389,,362,,:,
West Yorkshire,939,,939,,663,,827,,827,,827,,745,,777,,765,,777,,748,,:,
Derbyshire and Nottinghamshire,1865,,1865,,1865,,2547,,2547,,2547,,2567,,2598,,2567,,2602,,2486,,:,
"Leicestershire, Rutland and Northamptonshire",942,,942,,942,,870,,870,,870,,866,,910,,897,,910,,882,,:,
Lincolnshire,1209,,1209,,1209,,1740,,1740,,1740,,1711,,1723,,1702,,1725,,1625,,:,
"Herefordshire, Worcestershire and Warwickshire",1506,,1481,,1481,,1508,,1508,,1508,,1532,,1608,,1572,,1596,,1530,,:,
Shropshire and Staffordshire,1409,,1188,,1188,,1185,,1185,,1185,,1209,,1234,,1216,,1234,,1195,,:,
West Midlands,369,,615,,615,,585,,585,,585,,599,,597,,536,,546,,528,,:,
East Anglia,3343,,3343,,3343,,4083,,4083,,4083,,4083,,4149,,4102,,4160,,3926,,:,
Bedfordshire and Hertfordshire,449,,449,,449,,440,,440,,440,,435,,493,,482,,490,,449,,:,
Essex,687,,687,,687,,659,,659,,659,,602,,618,,604,,613,,585,,:,
Inner London (NUTS 2010),1080,,1131,,1131,,1817,,1817,,1817,,1852,(b),2511,,:,,:,,:,,:,
Outer London (NUTS 2010),556,,505,,505,,815,,815,,815,,825,(b),964,,:,,:,,:,,:,
Inner London - West,:,,:,,:,,:,,:,,:,,:,,:,,1306,,1328,,1243,,:,
Inner London - East,:,,:,,:,,:,,:,,:,,:,,:,,874,,889,,833,,:,
Outer London - East and North East,:,,:,,:,,:,,:,,:,,:,,:,,355,,361,,329,,:,
Outer London - South,:,,:,,:,,:,,:,,:,,:,,:,,311,,317,,289,,:,
Outer London - West and North West,:,,:,,:,,:,,:,,:,,:,,:,,220,,223,,206,,:,
"Berkshire, Buckinghamshire and Oxfordshire",1529,,1452,,1790,,1929,,1929,,1929,,1983,,2108,,2057,,2091,,2062,,:,
"Surrey, East and West Sussex",2446,,2278,,2618,,3011,,3011,,3011,,3165,,3277,,3214,,3264,,3183,,:,
Hampshire and Isle of Wight,2841,,2478,,2785,,3236,,3236,,3236,,3504,,3545,,3491,,3543,,3474,,:,
Kent,1371,,1979,,2167,,2522,,2522,,2522,,2977,,2981,,2940,,2981,,2916,,:,
"Gloucestershire, Wiltshire and Bristol/Bath area",2827,,2827,,2827,,2288,,2288,,2288,,2260,,2625,,2566,,2607,,2549,,:,
Dorset and Somerset,4008,,4008,,4008,,4923,,4923,,4923,,4949,,4734,,4707,,4774,,4520,,:,
Cornwall and Isles of Scilly,5166,,5166,,5166,,6029,,6029,,6029,,6030,,6001,,5939,,6018,,5843,,:,
Devon,4003,,4003,,4003,,6407,,6407,,6407,,6404,,6440,,6360,,6445,,6253,,:,
West Wales and The Valleys,12694,,13260,,18619,,18619,,18619,,10785,,10785,,6564,,6608,,6693,,6693,,:,
East Wales,2385,,2659,,3818,,3818,,3818,,2137,,2137,,5302,,5347,,5416,,5417,,:,
Eastern Scotland (NUTS 2013),2298,,2187,,2371,,2313,,2204,,2005,,2005,(b),1482,,:,,1504,,1502,,:,
South Western Scotland (NUTS 2013),1627,,1557,,1213,,1194,,984,,833,,833,(b),734,,:,,745,,744,,:,
North Eastern Scotland,465,,441,,428,,418,,410,,361,,361,,300,,300,,305,,305,,:,
Highlands and Islands,3686,,3575,,3176,,3105,,3114,,2914,,2914,,2198,,2195,,2226,,2226,,:,
Northern Ireland (UK),1101,,1122,,1130,,1130,,1151,,1154,,1154,,2344,,2376,,2409,,2426,,:,
Ísland,595,,580,,581,,576,,828,,:,,888,,916,,1149,,1188,,1111,,1103,
Liechtenstein,157,,160,,148,,149,,154,,148,,92,,89,,86,,87,,91,,87,
Oslo og Akershus,104,,102,,102,,105,,111,,113,,114,,137,,137,,132,,134,,131,
Hedmark og Oppland,437,,431,,428,,421,,414,,394,,381,,463,,431,,397,,387,,362,
Sør-Østlandet,442,,435,,422,,431,,427,,427,,407,,514,,485,,464,,455,,421,
Agder og Rogaland,258,,261,,261,,259,,258,,257,,247,,321,,300,,288,,285,,273,
Vestlandet,518,,520,,528,,530,,527,,519,,502,,666,,639,,616,,604,,600,
Trøndelag,198,,197,,203,,205,,204,,195,,191,,279,,270,,245,,239,,232,
Nord-Norge,325,,319,,343,,349,,352,,346,,328,,445,,436,,413,,410,,404,
Région lémanique,:,,:,,:,,:,,:,,:,,:,,:,,:,,:,,17638,,:,
Espace Mittelland,:,,:,,:,,:,,:,,:,,:,,:,,:,,:,,6137,,:,
Nordwestschweiz,:,,:,,:,,:,,:,,:,,:,,:,,:,,:,,491,,:,
Zürich,:,,:,,:,,:,,:,,:,,:,,:,,:,,:,,589,,:,
Ostschweiz,:,,:,,:,,:,,:,,:,,:,,:,,:,,:,,11243,,:,
Zentralschweiz,:,,:,,:,,:,,:,,:,,:,,:,,:,,:,,2363,,:,
Ticino,:,,:,,:,,:,,:,,:,,:,,:,,:,,:,,2858,,:,
Crna Gora,:,,:,,:,,:,,:,,:,(u),524,,:,,:,,:,,348,,370,(b)
Severna Makedonija,:,,:,,:,,402,,393,,404,,419,,430,,441,,447,,454,,471,
Istanbul,:,,:,,:,,:,,:,,:,,:,,:,,:,,:,,:,,:,
"Tekirdag, Edirne, Kirklareli",:,,:,,:,,:,,:,,:,,:,,:,,:,,:,,:,,:,
"Balikesir, Çanakkale",:,,:,,:,,:,,:,,:,,:,,:,,:,,:,,:,,:,
Izmir,:,,:,,:,,:,,:,,:,,:,,:,,:,,:,,:,,:,
"Aydin, Denizli, Mugla",:,,:,,:,,:,,:,,:,,:,,:,,:,,:,,:,,:,
"Manisa, Afyonkarahisar, Kütahya, Usak",:,,:,,:,,:,,:,,:,,:,,:,,:,,:,,:,,:,
"Bursa, Eskisehir, Bilecik",:,,:,,:,,:,,:,,:,,:,,:,,:,,:,,:,,:,
"Kocaeli, Sakarya, Düzce, Bolu, Yalova",:,,:,,:,,:,,:,,:,,:,,:,,:,,:,,:,,:,
Ankara,:,,:,,:,,:,,:,,:,,:,,:,,:,,:,,:,,:,
"Konya, Karaman",:,,:,,:,,:,,:,,:,,:,,:,,:,,:,,:,,:,
"Antalya, Isparta, Burdur",:,,:,,:,,:,,:,,:,,:,,:,,:,,:,,:,,:,
"Adana, Mersin",:,,:,,:,,:,,:,,:,,:,,:,,:,,:,,:,,:,
"Hatay, Kahramanmaras, Osmaniye",:,,:,,:,,:,,:,,:,,:,,:,,:,,:,,:,,:,
"Kirikkale, Aksaray, Nigde, Nevsehir, Kirsehir",:,,:,,:,,:,,:,,:,,:,,:,,:,,:,,:,,:,
"Kayseri, Sivas, Yozgat",:,,:,,:,,:,,:,,:,,:,,:,,:,,:,,:,,:,
"Zonguldak, Karabük, Bartin",:,,:,,:,,:,,:,,:,,:,,:,,:,,:,,:,,:,
"Kastamonu, Çankiri, Sinop",:,,:,,:,,:,,:,,:,,:,,:,,:,,:,,:,,:,
"Samsun, Tokat, Çorum, Amasya",:,,:,,:,,:,,:,,:,,:,,:,,:,,:,,:,,:,
"Trabzon, Ordu, Giresun, Rize, Artvin, Gümüshane",:,,:,,:,,:,,:,,:,,:,,:,,:,,:,,:,,:,
"Erzurum, Erzincan, Bayburt",:,,:,,:,,:,,:,,:,,:,,:,,:,,:,,:,,:,
"Agri, Kars, Igdir, Ardahan",:,,:,,:,,:,,:,,:,,:,,:,,:,,:,,:,,:,
"Malatya, Elazig, Bingöl, Tunceli",:,,:,,:,,:,,:,,:,,:,,:,,:,,:,,:,,:,
"Van, Mus, Bitlis, Hakkari",:,,:,,:,,:,,:,,:,,:,,:,,:,,:,,:,,:,
"Gaziantep, Adiyaman, Kilis",:,,:,,:,,:,,:,,:,,:,,:,,:,,:,,:,,:,
"Sanliurfa, Diyarbakir",:,,:,,:,,:,,:,,:,,:,,:,,:,,:,,:,,:,
"Mardin, Batman, Sirnak, Siirt",:,,:,,:,,:,,:,,:,,:,,:,,:,,:,,:,,:,
:=not available b=break in time series c=confidential e=estimated u=low reliability ,,,,,,,,,,,,,,,,,,,,,,,,
:,,,,,,,,,,,,,,,,,,,,,,,,
Source of Data:,Eurostat,,,,,,,,,,,,,,,,,,,,,,,
Last update:,22.03.2019,,,,,,,,,,,,,,,,,,,,,,,
Date of extraction:,17 May 2019 16:43:59 CEST,,,,,,,,,,,,,,,,,,,,,,,
Hyperlink to the table:,https://ec.europa.eu/eurostat/tgm/table.do?tab=table&init=1&plugin=1&language=en&pcode=tgs00112,,,,,,,,,,,,,,,,,,,,,,,
General Disclaimer of the EC website:,https://ec.europa.eu/info/legal-notice_en,,,,,,,,,,,,,,,,,,,,,,,
Code:,tgs00112,,,,,,,,,,,,,,,,,,,,,,,
